INSERT INTO group15.categories (category_ID, category_name, img_url) VALUES (1, 'זרים', 'zer_category.jpg');
INSERT INTO group15.categories (category_ID, category_name, img_url) VALUES (2, 'זרים לראש', 'head_category.jpg');
INSERT INTO group15.categories (category_ID, category_name, img_url) VALUES (3, 'זרי כלה', 'bride_category.jpg');
INSERT INTO group15.categories (category_ID, category_name, img_url) VALUES (4, 'קופסאות פרחים', 'box_category.jpg');

INSERT INTO group15.customers (Email, Password, First_name, Last_name, Join_DT) VALUES ('daniel@gmail.com', '123456Dk', 'דניאל', 'קפלון', '2022-02-10 20:21:48');
INSERT INTO group15.customers (Email, Password, First_name, Last_name, Join_DT) VALUES ('Dedy@gmail.com', '123456Rg', 'דדי', 'גור', '2022-01-21 09:35:00');
INSERT INTO group15.customers (Email, Password, First_name, Last_name, Join_DT) VALUES ('liorshar@gmail.com', '123456Ls', 'Lior', 'Sharabi', '2022-01-19 15:08:00');
INSERT INTO group15.customers (Email, Password, First_name, Last_name, Join_DT) VALUES ('Maya@gmail.com', '123456Ls', 'מאיה', 'גור', '2022-01-21 09:33:56');
INSERT INTO group15.customers (Email, Password, First_name, Last_name, Join_DT) VALUES ('Nitzan@gmail.com', '123456Ls', 'ניצן', 'גור', '2022-01-21 09:32:33');
INSERT INTO group15.customers (Email, Password, First_name, Last_name, Join_DT) VALUES ('Noa@gmail.com', '123456Ls', 'נועה', 'רדין', '2022-01-21 09:31:27');
INSERT INTO group15.customers (Email, Password, First_name, Last_name, Join_DT) VALUES ('roee@gmail.com', '123456Ls', 'רועי', 'גור', '2022-01-21 09:21:14');
INSERT INTO group15.customers (Email, Password, First_name, Last_name, Join_DT) VALUES ('sapir.lulvi@gmail.com', '123456Ls', 'Sapir', 'Lulvi', '2022-01-19 21:54:26');
INSERT INTO group15.customers (Email, Password, First_name, Last_name, Join_DT) VALUES ('tomer@gmail.com', '123456Tk', 'תומר', 'קגן', '2022-02-13 23:38:41');


INSERT INTO group15.workshops (workshop_ID, workshop_dt, workshop_name, img_url, description1, description2, price, num_of_people) VALUES (1, '2021-03-10 13:30:00', 'סדנת שזירת זרים', 'workshop1.jpg', 'בסדנה הזו תלמדי להפוך כל חבילת פרחים ליצירת אומנות שאין בשום חנות פרחים. בסוף הסדנה תצאי עם זר מהמם מעשה ידייך שתוכלי להעניק כמתנה קסומה וצבעונית למישהו יקר או לקחת הביתה בגאווה.', 'למי שאוהבת יצירה ופרחים ורוצה "לטעום" מהעולם הקסום הזה.
למי שרוצה לעצמה זמן איכותי, רגוע ומהנה.
מתאים גם מתחילות וגם למי שכבר התנסתה בשזירה בעבר', 350, 10);
INSERT INTO group15.workshops (workshop_ID, workshop_dt, workshop_name, img_url, description1, description2, price, num_of_people) VALUES (2, '2021-03-12 13:30:00', 'סדנת שזירת זרים לראש', 'workshop2.jpg', 'נתחיל בהכנת הבסיס, אספר על מגוון הפרחים אשר שורדים לאורך
זמן ללא מים, נלמד על תהליך הטיפול בפרחים טרם שזירתם
וחיבורם בצורה מקצועית ואסטתית לבסיס. בסוף הסדנה תצאי עם
זר יפיפה ושונה מכל זר סטנדרטי שאפשר למצוא בחנויות.
בסדנה הזו תקבלי את כל היסודות להכנת זרים מקצועיים וייחודים שאין במקומות אחרים.', 'למי שאוהבת יצירה ופרחים ורוצה "לטעום" מהעולם הקסום הזה.
כדי לחסוך לך זמן התרוצצות, הכנו עבורך קיט שניתן לרכוש
במקום עם כל הציוד הדרוש, כל מה שתצטרכי, זה רק לקנות את הפרחים האהובים ולהתחיל לייצור.', 300, 10);
INSERT INTO group15.workshops (workshop_ID, workshop_dt, workshop_name, img_url, description1, description2, price, num_of_people) VALUES (3, '2022-05-14 13:30:00', 'סדנת שזירת זרים', 'workshop1.jpg', 'בסדנה הזו תלמדי להפוך כל חבילת פרחים ליצירת אומנות שאין בשום חנות פרחים. בסוף הסדנה תצאי עם זר מהמם מעשה ידייך שתוכלי להעניק כמתנה קסומה וצבעונית למישהו יקר או לקחת הביתה בגאווה.', 'למי שאוהבת יצירה ופרחים ורוצה "לטעום" מהעולם הקסום הזה.
למי שרוצה לעצמה זמן איכותי, רגוע ומהנה.
מתאים גם מתחילות וגם למי שכבר התנסתה בשזירה בעבר', 350, 7);
INSERT INTO group15.workshops (workshop_ID, workshop_dt, workshop_name, img_url, description1, description2, price, num_of_people) VALUES (4, '2022-04-12 13:30:00', 'סדנת שזירת זרים לראש', 'workshop2.jpg', 'נתחיל בהכנת הבסיס, אספר על מגוון הפרחים אשר שורדים לאורך
זמן ללא מים, נלמד על תהליך הטיפול בפרחים טרם שזירתם
וחיבורם בצורה מקצועית ואסטתית לבסיס. בסוף הסדנה תצאי עם
זר יפיפה ושונה מכל זר סטנדרטי שאפשר למצוא בחנויות.
בסדנה הזו תקבלי את כל היסודות להכנת זרים מקצועיים וייחודים שאין במקומות אחרים.', 'למי שאוהבת יצירה ופרחים ורוצה "לטעום" מהעולם הקסום הזה.
כדי לחסוך לך זמן התרוצצות, הכנו עבורך קיט שניתן לרכוש
במקום עם כל הציוד הדרוש, כל מה שתצטרכי, זה רק לקנות את הפרחים האהובים ולהתחיל לייצור.', 300, 9);

INSERT INTO group15.products (product_ID, category_ID, product_name, price, description, img_url) VALUES (1, 2, 'זר לראש כותנה', 150, 'זר לראש מפרחי כותנה בשילוב פרחים בצבע שמנת וורוד', 'zer1.jpg');
INSERT INTO group15.products (product_ID, category_ID, product_name, price, description, img_url) VALUES (2, 2, 'קשת פרחים לראש', 139, 'קשת לראש מעוצבת פרחים קטנים בגווני לבן-ורוד-סגול-תכלת', 'zer2.jpg');
INSERT INTO group15.products (product_ID, category_ID, product_name, price, description, img_url) VALUES (3, 2, 'קשת פרחים ורודים', 145, 'זר לראש מפרחי העונה בגוונים אדום ורוד', 'zer3.jpg');
INSERT INTO group15.products (product_ID, category_ID, product_name, price, description, img_url) VALUES (4, 2, 'זר לראש שיבולים', 145, 'קשת שיבולים לראש בשילוב פרחים צהובים', 'zer4.jpg');
INSERT INTO group15.products (product_ID, category_ID, product_name, price, description, img_url) VALUES (5, 1, 'זר פרחי העונה', 350, 'זר בצבעים פסטורליים ועדינים ', 'hand1.jpg');
INSERT INTO group15.products (product_ID, category_ID, product_name, price, description, img_url) VALUES (6, 1, 'זר פרחים צבעוני', 400, '  זר קסום עם צבעים כהים שתופסים את העין והלב ', 'hand2.jpg');
INSERT INTO group15.products (product_ID, category_ID, product_name, price, description, img_url) VALUES (7, 1, 'זר פרחים יוקרתי', 600, 'הזר מורכב מפיונים (באביב) / סחלבים או אנטוריום (בקיץ) ', 'hand3.jpg');
INSERT INTO group15.products (product_ID, category_ID, product_name, price, description, img_url) VALUES (8, 1, 'זר בצבעי פסטל', 300, ' זר פרחים בצבעי ורוד צהוב עדינים  ', 'hand4.jpg');
INSERT INTO group15.products (product_ID, category_ID, product_name, price, description, img_url) VALUES (9, 3, 'זר לבן', 350, 'לכלות שאוהבות פרחים בצבע לבן', 'bride1.jpg');
INSERT INTO group15.products (product_ID, category_ID, product_name, price, description, img_url) VALUES (10, 3, 'זר צבעוני', 400, ' זר צבעוני מורכז מהרבה סגנונות של פרחים, מתאים לכלה שאוהבת להתפרע ', 'bride2.jpg');
INSERT INTO group15.products (product_ID, category_ID, product_name, price, description, img_url) VALUES (11, 3, 'זר רומנטי', 350, 'זר כלה עם צבעים עדינים ורומנטיים, לרגועות שבנינו', 'bride3.jpg');
INSERT INTO group15.products (product_ID, category_ID, product_name, price, description, img_url) VALUES (12, 3, 'זר רימון', 450, ' זר כלה שלנשים שאהבות רימונים וצבע אדום  ', 'bride4.jpg');
INSERT INTO group15.products (product_ID, category_ID, product_name, price, description, img_url) VALUES (13, 4, 'קופסת יוניקורן', 450, 'קופסת חד קרן בצבעי ורוד עדינים ', 'box1.jpg');
INSERT INTO group15.products (product_ID, category_ID, product_name, price, description, img_url) VALUES (14, 4, 'קופסת נקודות', 300, 'קופסה עם נקודות ופרחים בצבעים ורודים עדינים ומתוקים ', 'box2.jpg');
INSERT INTO group15.products (product_ID, category_ID, product_name, price, description, img_url) VALUES (15, 4, 'סידור פרחים תיבת עץ', 350, 'לאלה שאוהבים את סיפור תיבת נח ', 'box3.jpg');
INSERT INTO group15.products (product_ID, category_ID, product_name, price, description, img_url) VALUES (16, 4, 'קופסת קטיפה יוקרתית', 520, ' סידור פרחים בקופסת קטיפה יוקרתית בשילוב מקרונים / פרלינים במגירה  ', 'box4.jpg');

INSERT INTO group15.orders (email, order_creation_dt, arrival_dt, phone_number, address, card, ExpiryDate, cvv, comment, totalPrice) VALUES ('daniel@gmail.com', '2022-02-13 23:37:56', '2022-02-13', 505226222, 'מנחם בגין 5', '1234567891111223', '2022-09-00', '414', '', 400);
INSERT INTO group15.orders (email, order_creation_dt, arrival_dt, phone_number, address, card, ExpiryDate, cvv, comment, totalPrice) VALUES ('Dedy@gmail.com', '2022-02-13 22:13:21', '2022-02-16', 505226222, 'סלעית 100', '1111222233334444', '2022-06-00', '111', '', 10480);
INSERT INTO group15.orders (email, order_creation_dt, arrival_dt, phone_number, address, card, ExpiryDate, cvv, comment, totalPrice) VALUES ('liorshar@gmail.com', '2022-02-12 20:58:59', '2022-02-13', 505226222, 'מנחם בגין 5', '1234567891234567', '2022-02-00', '123', '', 773);
INSERT INTO group15.orders (email, order_creation_dt, arrival_dt, phone_number, address, card, ExpiryDate, cvv, comment, totalPrice) VALUES ('sapir.lulvi@gmail.com', '2022-02-13 21:29:31', '2022-02-14', 505226222, 'סלעית 100', '1234567891234567', '2022-07-00', '333', '', 700);

INSERT INTO group15.products_in_order (email, order_creation_dt, product_id, quantity, TotalPrice) VALUES ('daniel@gmail.com', '2022-02-13 23:37:56', 10, 1, 400);
INSERT INTO group15.products_in_order (email, order_creation_dt, product_id, quantity, TotalPrice) VALUES ('Dedy@gmail.com', '2022-02-13 22:13:21', 4, 4, 580);
INSERT INTO group15.products_in_order (email, order_creation_dt, product_id, quantity, TotalPrice) VALUES ('Dedy@gmail.com', '2022-02-13 22:13:21', 7, 7, 4200);
INSERT INTO group15.products_in_order (email, order_creation_dt, product_id, quantity, TotalPrice) VALUES ('Dedy@gmail.com', '2022-02-13 22:13:21', 9, 4, 1400);
INSERT INTO group15.products_in_order (email, order_creation_dt, product_id, quantity, TotalPrice) VALUES ('Dedy@gmail.com', '2022-02-13 22:13:21', 10, 4, 1600);
INSERT INTO group15.products_in_order (email, order_creation_dt, product_id, quantity, TotalPrice) VALUES ('Dedy@gmail.com', '2022-02-13 22:13:21', 13, 6, 2700);
INSERT INTO group15.products_in_order (email, order_creation_dt, product_id, quantity, TotalPrice) VALUES ('liorshar@gmail.com', '2022-02-12 20:58:59', 2, 2, 278);
INSERT INTO group15.products_in_order (email, order_creation_dt, product_id, quantity, TotalPrice) VALUES ('liorshar@gmail.com', '2022-02-12 20:58:59', 3, 1, 145);
INSERT INTO group15.products_in_order (email, order_creation_dt, product_id, quantity, TotalPrice) VALUES ('liorshar@gmail.com', '2022-02-12 20:58:59', 11, 1, 350);
INSERT INTO group15.products_in_order (email, order_creation_dt, product_id, quantity, TotalPrice) VALUES ('sapir.lulvi@gmail.com', '2022-02-13 21:29:31', 1, 2, 300);
INSERT INTO group15.products_in_order (email, order_creation_dt, product_id, quantity, TotalPrice) VALUES ('sapir.lulvi@gmail.com', '2022-02-13 21:29:31', 6, 1, 400);

INSERT INTO group15.shopping_carts (email, product_ID, Quantity) VALUES ('liorshar@gmail.com', 1, 1);
INSERT INTO group15.shopping_carts (email, product_ID, Quantity) VALUES ('liorshar@gmail.com', 5, 1);
INSERT INTO group15.shopping_carts (email, product_ID, Quantity) VALUES ('roee@gmail.com', 14, 1);
INSERT INTO group15.shopping_carts (email, product_ID, Quantity) VALUES ('sapir.lulvi@gmail.com', 3, 1);

INSERT INTO group15.registrations_workshops (email, ws_ID, ws_DT, card, ExpiryDate, cvv) VALUES ('daniel@gmail.com', 3, '2022-05-14 13:30:00', '1234567891234567', '2022-02-00', '123');
INSERT INTO group15.registrations_workshops (email, ws_ID, ws_DT, card, ExpiryDate, cvv) VALUES ('Dedy@gmail.com', 3, '2022-05-14 13:30:00', '1234567891234567', '2022-02-00', '123');
INSERT INTO group15.registrations_workshops (email, ws_ID, ws_DT, card, ExpiryDate, cvv) VALUES ('liorshar@gmail.com', 2, '2021-03-12 13:30:00', '1234567891234567', '2022-03-00', '123');
INSERT INTO group15.registrations_workshops (email, ws_ID, ws_DT, card, ExpiryDate, cvv) VALUES ('roee@gmail.com', 1, '2021-03-10 13:30:00', '1234567891234567', '2022-03-00', '123');
INSERT INTO group15.registrations_workshops (email, ws_ID, ws_DT, card, ExpiryDate, cvv) VALUES ('sapir.lulvi@gmail.com', 3, '2022-05-14 13:30:00', '1234567891234567', '2022-07-00', '123');
INSERT INTO group15.registrations_workshops (email, ws_ID, ws_DT, card, ExpiryDate, cvv) VALUES ('sapir.lulvi@gmail.com', 4, '2022-04-12 13:30:00', '1234567891234567', '2022-02-00', '123');

